date,vehicle_category,maker,electric_vehicles_sold,monthly_total_sales,maker_share_percent
2021-04-01,2-Wheelers,AMPERE,751,5689,0.13200914044647566
2021-04-01,2-Wheelers,ATHER,903,5689,0.15872736860608191
2021-04-01,2-Wheelers,BAJAJ,48,5689,0.008437335208296712
2021-04-01,2-Wheelers,BEING,171,5689,0.03005800667955704
2021-04-01,2-Wheelers,HERO ELECTRIC,759,5689,0.13341536298119178
2021-04-01,2-Wheelers,JITENDRA,36,5689,0.0063280014062225345
2021-04-01,2-Wheelers,OKINAWA,1251,5689,0.21989804886623307
2021-04-01,2-Wheelers,OLA ELECTRIC,0,5689,0.0
2021-04-01,2-Wheelers,OTHERS,749,5689,0.13165758481279663
2021-04-01,2-Wheelers,PURE EV,581,5689,0.10212691158375813
2021-04-01,2-Wheelers,REVOLT,138,5689,0.02425733872385305
2021-04-01,2-Wheelers,TVS,302,5689,0.05308490068553349
2021-04-01,4-Wheelers,BMW India,0,626,0.0
2021-04-01,4-Wheelers,BYD India,0,626,0.0
2021-04-01,4-Wheelers,Hyundai Motor,12,626,0.019169329073482427
2021-04-01,4-Wheelers,KIA Motors,0,626,0.0
2021-04-01,4-Wheelers,MG Motor,118,626,0.18849840255591055
2021-04-01,4-Wheelers,Mahindra and Mahindra,171,626,0.2731629392971246
2021-04-01,4-Wheelers,Mercedes-Benz AG,3,626,0.004792332268370607
2021-04-01,4-Wheelers,PCA Automobiles,0,626,0.0
2021-04-01,4-Wheelers,Tata Motors,322,626,0.5143769968051118
2021-04-01,4-Wheelers,Volvo Auto India,0,626,0.0
2021-05-01,2-Wheelers,AMPERE,147,1242,0.11835748792270531
2021-05-01,2-Wheelers,ATHER,160,1242,0.1288244766505636
2021-05-01,2-Wheelers,BAJAJ,20,1242,0.01610305958132045
2021-05-01,2-Wheelers,BEING,54,1242,0.043478260869565216
2021-05-01,2-Wheelers,HERO ELECTRIC,170,1242,0.13687600644122383
2021-05-01,2-Wheelers,JITENDRA,13,1242,0.010466988727858293
2021-05-01,2-Wheelers,OKINAWA,245,1242,0.1972624798711755
2021-05-01,2-Wheelers,OLA ELECTRIC,0,1242,0.0
2021-05-01,2-Wheelers,OTHERS,260,1242,0.20933977455716588
2021-05-01,2-Wheelers,PURE EV,122,1242,0.09822866344605476
2021-05-01,2-Wheelers,REVOLT,42,1242,0.033816425120772944
2021-05-01,2-Wheelers,TVS,9,1242,0.007246376811594203
2021-05-01,4-Wheelers,BMW India,0,257,0.0
2021-05-01,4-Wheelers,BYD India,0,257,0.0
2021-05-01,4-Wheelers,Hyundai Motor,3,257,0.011673151750972763
2021-05-01,4-Wheelers,KIA Motors,0,257,0.0
2021-05-01,4-Wheelers,MG Motor,39,257,0.1517509727626459
2021-05-01,4-Wheelers,Mahindra and Mahindra,78,257,0.3035019455252918
2021-05-01,4-Wheelers,Mercedes-Benz AG,0,257,0.0
2021-05-01,4-Wheelers,PCA Automobiles,0,257,0.0
2021-05-01,4-Wheelers,Tata Motors,137,257,0.5330739299610895
2021-05-01,4-Wheelers,Volvo Auto India,0,257,0.0
2021-06-01,2-Wheelers,AMPERE,299,4669,0.06403940886699508
2021-06-01,2-Wheelers,ATHER,320,4669,0.06853715999143285
2021-06-01,2-Wheelers,BAJAJ,176,4669,0.03769543799528807
2021-06-01,2-Wheelers,BEING,198,4669,0.04240736774469908
2021-06-01,2-Wheelers,HERO ELECTRIC,1355,4669,0.2902120368387235
2021-06-01,2-Wheelers,JITENDRA,43,4669,0.00920968087384879
2021-06-01,2-Wheelers,OKINAWA,984,4669,0.21075176697365602
2021-06-01,2-Wheelers,OLA ELECTRIC,0,4669,0.0
2021-06-01,2-Wheelers,OTHERS,567,4669,0.12143928035982009
2021-06-01,2-Wheelers,PURE EV,460,4669,0.09852216748768473
2021-06-01,2-Wheelers,REVOLT,59,4669,0.012636538873420432
2021-06-01,2-Wheelers,TVS,208,4669,0.04454915399443136
2021-06-01,4-Wheelers,BMW India,0,818,0.0
2021-06-01,4-Wheelers,BYD India,0,818,0.0
2021-06-01,4-Wheelers,Hyundai Motor,10,818,0.012224938875305624
2021-06-01,4-Wheelers,KIA Motors,0,818,0.0
2021-06-01,4-Wheelers,MG Motor,128,818,0.15647921760391198
2021-06-01,4-Wheelers,Mahindra and Mahindra,106,818,0.1295843520782396
2021-06-01,4-Wheelers,Mercedes-Benz AG,2,818,0.0024449877750611247
2021-06-01,4-Wheelers,PCA Automobiles,0,818,0.0
2021-06-01,4-Wheelers,Tata Motors,572,818,0.6992665036674817
2021-06-01,4-Wheelers,Volvo Auto India,0,818,0.0
2021-07-01,2-Wheelers,AMPERE,663,14676,0.04517579721995094
2021-07-01,2-Wheelers,ATHER,1799,14676,0.12258108476424094
2021-07-01,2-Wheelers,BAJAJ,730,14676,0.04974107386208776
2021-07-01,2-Wheelers,BEING,494,14676,0.03366039792859089
2021-07-01,2-Wheelers,HERO ELECTRIC,4557,14676,0.31050695012264923
2021-07-01,2-Wheelers,JITENDRA,212,14676,0.014445352957209048
2021-07-01,2-Wheelers,OKINAWA,2633,14676,0.17940855819024257
2021-07-01,2-Wheelers,OLA ELECTRIC,0,14676,0.0
2021-07-01,2-Wheelers,OTHERS,1202,14676,0.08190242572908149
2021-07-01,2-Wheelers,PURE EV,1417,14676,0.09655219405832652
2021-07-01,2-Wheelers,REVOLT,321,14676,0.02187244480784955
2021-07-01,2-Wheelers,TVS,648,14676,0.044153720359771054
2021-07-01,4-Wheelers,BMW India,0,1118,0.0
2021-07-01,4-Wheelers,BYD India,0,1118,0.0
2021-07-01,4-Wheelers,Hyundai Motor,18,1118,0.016100178890876567
2021-07-01,4-Wheelers,KIA Motors,0,1118,0.0
2021-07-01,4-Wheelers,MG Motor,232,1118,0.2075134168157424
2021-07-01,4-Wheelers,Mahindra and Mahindra,171,1118,0.15295169946332737
2021-07-01,4-Wheelers,Mercedes-Benz AG,1,1118,0.0008944543828264759
2021-07-01,4-Wheelers,PCA Automobiles,0,1118,0.0
2021-07-01,4-Wheelers,Tata Motors,696,1118,0.6225402504472272
2021-07-01,4-Wheelers,Volvo Auto India,0,1118,0.0
2021-08-01,2-Wheelers,AMPERE,810,16050,0.05046728971962617
2021-08-01,2-Wheelers,ATHER,1613,16050,0.10049844236760125
2021-08-01,2-Wheelers,BAJAJ,796,16050,0.04959501557632399
2021-08-01,2-Wheelers,BEING,325,16050,0.020249221183800622
2021-08-01,2-Wheelers,HERO ELECTRIC,5527,16050,0.3443613707165109
2021-08-01,2-Wheelers,JITENDRA,208,16050,0.012959501557632399
2021-08-01,2-Wheelers,OKINAWA,2894,16050,0.18031152647975077
2021-08-01,2-Wheelers,OLA ELECTRIC,0,16050,0.0
2021-08-01,2-Wheelers,OTHERS,1279,16050,0.07968847352024921
2021-08-01,2-Wheelers,PURE EV,1094,16050,0.06816199376947041
2021-08-01,2-Wheelers,REVOLT,853,16050,0.05314641744548287
2021-08-01,2-Wheelers,TVS,651,16050,0.0405607476635514
2021-08-01,4-Wheelers,BMW India,0,1103,0.0
2021-08-01,4-Wheelers,BYD India,0,1103,0.0
2021-08-01,4-Wheelers,Hyundai Motor,10,1103,0.009066183136899365
2021-08-01,4-Wheelers,KIA Motors,0,1103,0.0
2021-08-01,4-Wheelers,MG Motor,303,1103,0.2747053490480508
2021-08-01,4-Wheelers,Mahindra and Mahindra,204,1103,0.18495013599274707
2021-08-01,4-Wheelers,Mercedes-Benz AG,2,1103,0.001813236627379873
2021-08-01,4-Wheelers,PCA Automobiles,0,1103,0.0
2021-08-01,4-Wheelers,Tata Motors,584,1103,0.5294650951949229
2021-08-01,4-Wheelers,Volvo Auto India,0,1103,0.0
2021-09-01,2-Wheelers,AMPERE,807,18032,0.04475377107364685
2021-09-01,2-Wheelers,ATHER,2174,18032,0.12056344276841172
2021-09-01,2-Wheelers,BAJAJ,381,18032,0.02112910381543922
2021-09-01,2-Wheelers,BEING,337,18032,0.01868899733806566
2021-09-01,2-Wheelers,HERO ELECTRIC,6727,18032,0.3730590062111801
2021-09-01,2-Wheelers,JITENDRA,134,18032,0.007431233362910381
2021-09-01,2-Wheelers,OKINAWA,3321,18032,0.1841725820763088
2021-09-01,2-Wheelers,OLA ELECTRIC,0,18032,0.0
2021-09-01,2-Wheelers,OTHERS,1627,18032,0.0902284826974268
2021-09-01,2-Wheelers,PURE EV,1337,18032,0.07414596273291925
2021-09-01,2-Wheelers,REVOLT,499,18032,0.027673025732031942
2021-09-01,2-Wheelers,TVS,688,18032,0.038154392191659274
2021-09-01,4-Wheelers,BMW India,0,1319,0.0
2021-09-01,4-Wheelers,BYD India,0,1319,0.0
2021-09-01,4-Wheelers,Hyundai Motor,6,1319,0.004548900682335102
2021-09-01,4-Wheelers,KIA Motors,0,1319,0.0
2021-09-01,4-Wheelers,MG Motor,263,1319,0.19939347990902198
2021-09-01,4-Wheelers,Mahindra and Mahindra,276,1319,0.2092494313874147
2021-09-01,4-Wheelers,Mercedes-Benz AG,2,1319,0.001516300227445034
2021-09-01,4-Wheelers,PCA Automobiles,0,1319,0.0
2021-09-01,4-Wheelers,Tata Motors,772,1319,0.5852918877937832
2021-09-01,4-Wheelers,Volvo Auto India,0,1319,0.0
2021-10-01,2-Wheelers,AMPERE,1083,20813,0.052034785951088264
2021-10-01,2-Wheelers,ATHER,2647,20813,0.12718012780473742
2021-10-01,2-Wheelers,BAJAJ,754,20813,0.03622735790131168
2021-10-01,2-Wheelers,BEING,469,20813,0.022533993177341085
2021-10-01,2-Wheelers,HERO ELECTRIC,6799,20813,0.3266708307307932
2021-10-01,2-Wheelers,JITENDRA,283,20813,0.01359727093643396
2021-10-01,2-Wheelers,OKINAWA,4166,20813,0.20016335943881228
2021-10-01,2-Wheelers,OLA ELECTRIC,0,20813,0.0
2021-10-01,2-Wheelers,OTHERS,1826,20813,0.08773362802094845
2021-10-01,2-Wheelers,PURE EV,1400,20813,0.06726565127564503
2021-10-01,2-Wheelers,REVOLT,900,20813,0.04324220439148609
2021-10-01,2-Wheelers,TVS,486,20813,0.02335079037140249
2021-10-01,4-Wheelers,BMW India,0,1377,0.0
2021-10-01,4-Wheelers,BYD India,0,1377,0.0
2021-10-01,4-Wheelers,Hyundai Motor,8,1377,0.005809731299927378
2021-10-01,4-Wheelers,KIA Motors,0,1377,0.0
2021-10-01,4-Wheelers,MG Motor,194,1377,0.14088598402323893
2021-10-01,4-Wheelers,Mahindra and Mahindra,369,1377,0.2679738562091503
2021-10-01,4-Wheelers,Mercedes-Benz AG,3,1377,0.002178649237472767
2021-10-01,4-Wheelers,PCA Automobiles,0,1377,0.0
2021-10-01,4-Wheelers,Tata Motors,803,1377,0.5831517792302106
2021-10-01,4-Wheelers,Volvo Auto India,0,1377,0.0
2021-11-01,2-Wheelers,AMPERE,2077,24534,0.08465802559713051
2021-11-01,2-Wheelers,ATHER,2202,24534,0.08975299584250428
2021-11-01,2-Wheelers,BAJAJ,728,24534,0.029673106709056818
2021-11-01,2-Wheelers,BEING,912,24534,0.037172902910247003
2021-11-01,2-Wheelers,HERO ELECTRIC,7493,24534,0.3054128963886851
2021-11-01,2-Wheelers,JITENDRA,273,24534,0.011127415015896307
2021-11-01,2-Wheelers,OKINAWA,5542,24534,0.22589060079889134
2021-11-01,2-Wheelers,OLA ELECTRIC,0,24534,0.0
2021-11-01,2-Wheelers,OTHERS,2317,24534,0.09444036846824815
2021-11-01,2-Wheelers,PURE EV,1688,24534,0.06880247819352735
2021-11-01,2-Wheelers,REVOLT,780,24534,0.031792614331132306
2021-11-01,2-Wheelers,TVS,522,24534,0.02127659574468085
2021-11-01,4-Wheelers,BMW India,0,1625,0.0
2021-11-01,4-Wheelers,BYD India,0,1625,0.0
2021-11-01,4-Wheelers,Hyundai Motor,7,1625,0.0043076923076923075
2021-11-01,4-Wheelers,KIA Motors,0,1625,0.0
2021-11-01,4-Wheelers,MG Motor,118,1625,0.07261538461538461
2021-11-01,4-Wheelers,Mahindra and Mahindra,462,1625,0.2843076923076923
2021-11-01,4-Wheelers,Mercedes-Benz AG,2,1625,0.0012307692307692308
2021-11-01,4-Wheelers,PCA Automobiles,0,1625,0.0
2021-11-01,4-Wheelers,Tata Motors,1036,1625,0.6375384615384615
2021-11-01,4-Wheelers,Volvo Auto India,0,1625,0.0
2021-12-01,2-Wheelers,AMPERE,3410,26626,0.12807030721850823
2021-12-01,2-Wheelers,ATHER,1813,26626,0.06809133929242094
2021-12-01,2-Wheelers,BAJAJ,642,26626,0.024111770449936152
2021-12-01,2-Wheelers,BEING,1190,26626,0.0446931570645234
2021-12-01,2-Wheelers,HERO ELECTRIC,6402,26626,0.24044167355216706
2021-12-01,2-Wheelers,JITENDRA,503,26626,0.018891309246601068
2021-12-01,2-Wheelers,OKINAWA,6184,26626,0.2322541876361451
2021-12-01,2-Wheelers,OLA ELECTRIC,240,26626,0.009013745962592955
2021-12-01,2-Wheelers,OTHERS,2603,26626,0.09776158641928942
2021-12-01,2-Wheelers,PURE EV,1685,26626,0.06328400811237136
2021-12-01,2-Wheelers,REVOLT,835,26626,0.03136032449485465
2021-12-01,2-Wheelers,TVS,1119,26626,0.042026590550589646
2021-12-01,4-Wheelers,BMW India,0,2615,0.0
2021-12-01,4-Wheelers,BYD India,1,2615,0.0003824091778202677
2021-12-01,4-Wheelers,Hyundai Motor,10,2615,0.0038240917782026767
2021-12-01,4-Wheelers,KIA Motors,0,2615,0.0
2021-12-01,4-Wheelers,MG Motor,99,2615,0.0378585086042065
2021-12-01,4-Wheelers,Mahindra and Mahindra,552,2615,0.21108986615678776
2021-12-01,4-Wheelers,Mercedes-Benz AG,1,2615,0.0003824091778202677
2021-12-01,4-Wheelers,PCA Automobiles,0,2615,0.0
2021-12-01,4-Wheelers,Tata Motors,1952,2615,0.7464627151051625
2021-12-01,4-Wheelers,Volvo Auto India,0,2615,0.0
2022-01-01,2-Wheelers,AMPERE,4366,30122,0.14494389482770068
2022-01-01,2-Wheelers,ATHER,1881,30122,0.06244605271894296
2022-01-01,2-Wheelers,BAJAJ,612,30122,0.020317376004249387
2022-01-01,2-Wheelers,BEING,1062,30122,0.035256623066197465
2022-01-01,2-Wheelers,HERO ELECTRIC,8238,30122,0.2734878162140628
2022-01-01,2-Wheelers,JITENDRA,535,30122,0.01776110484031605
2022-01-01,2-Wheelers,OKINAWA,5737,30122,0.19045880087643582
2022-01-01,2-Wheelers,OLA ELECTRIC,1107,30122,0.03675054777239227
2022-01-01,2-Wheelers,OTHERS,3065,30122,0.10175287165526857
2022-01-01,2-Wheelers,PURE EV,1691,30122,0.05613837062612044
2022-01-01,2-Wheelers,REVOLT,673,30122,0.02234247393931346
2022-01-01,2-Wheelers,TVS,1155,30122,0.03834406745900007
2022-01-01,4-Wheelers,BMW India,0,1550,0.0
2022-01-01,4-Wheelers,BYD India,8,1550,0.005161290322580645
2022-01-01,4-Wheelers,Hyundai Motor,6,1550,0.003870967741935484
2022-01-01,4-Wheelers,KIA Motors,0,1550,0.0
2022-01-01,4-Wheelers,MG Motor,48,1550,0.03096774193548387
2022-01-01,4-Wheelers,Mahindra and Mahindra,474,1550,0.3058064516129032
2022-01-01,4-Wheelers,Mercedes-Benz AG,2,1550,0.0012903225806451613
2022-01-01,4-Wheelers,PCA Automobiles,0,1550,0.0
2022-01-01,4-Wheelers,Tata Motors,1012,1550,0.6529032258064517
2022-01-01,4-Wheelers,Volvo Auto India,0,1550,0.0
2022-02-01,2-Wheelers,AMPERE,4431,35722,0.12404120709926655
2022-02-01,2-Wheelers,ATHER,2232,35722,0.0624825037791837
2022-02-01,2-Wheelers,BAJAJ,1372,35722,0.03840770393594983
2022-02-01,2-Wheelers,BEING,1149,35722,0.032165052348692685
2022-02-01,2-Wheelers,HERO ELECTRIC,7773,35722,0.2175969990482056
2022-02-01,2-Wheelers,JITENDRA,583,35722,0.016320474777448073
2022-02-01,2-Wheelers,OKINAWA,6122,35722,0.17137898213985778
2022-02-01,2-Wheelers,OLA ELECTRIC,3911,35722,0.1094843513801019
2022-02-01,2-Wheelers,OTHERS,4033,35722,0.11289961368344438
2022-02-01,2-Wheelers,PURE EV,1428,35722,0.039975365321090646
2022-02-01,2-Wheelers,REVOLT,1128,35722,0.031577179329264876
2022-02-01,2-Wheelers,TVS,1560,35722,0.043670567157493984
2022-02-01,4-Wheelers,BMW India,0,2449,0.0
2022-02-01,4-Wheelers,BYD India,10,2449,0.004083299305839118
2022-02-01,4-Wheelers,Hyundai Motor,6,2449,0.002449979583503471
2022-02-01,4-Wheelers,KIA Motors,0,2449,0.0
2022-02-01,4-Wheelers,MG Motor,30,2449,0.012249897917517355
2022-02-01,4-Wheelers,Mahindra and Mahindra,478,2449,0.19518170681910985
2022-02-01,4-Wheelers,Mercedes-Benz AG,3,2449,0.0012249897917517355
2022-02-01,4-Wheelers,PCA Automobiles,0,2449,0.0
2022-02-01,4-Wheelers,Tata Motors,1922,2449,0.7848101265822784
2022-02-01,4-Wheelers,Volvo Auto India,0,2449,0.0
2022-03-01,2-Wheelers,AMPERE,6666,54398,0.12254126989962866
2022-03-01,2-Wheelers,ATHER,2232,54398,0.04103092025442112
2022-03-01,2-Wheelers,BAJAJ,855,54398,0.015717489613588737
2022-03-01,2-Wheelers,BEING,1013,54398,0.01862200816206478
2022-03-01,2-Wheelers,HERO ELECTRIC,13652,54398,0.2509651090113607
2022-03-01,2-Wheelers,JITENDRA,1052,54398,0.019338946284789882
2022-03-01,2-Wheelers,OKINAWA,8586,54398,0.15783668517224897
2022-03-01,2-Wheelers,OLA ELECTRIC,9143,54398,0.16807603220706643
2022-03-01,2-Wheelers,OTHERS,5330,54398,0.09798154343909703
2022-03-01,2-Wheelers,PURE EV,2065,54398,0.03796095444685466
2022-03-01,2-Wheelers,REVOLT,1413,54398,0.025975219677194013
2022-03-01,2-Wheelers,TVS,2391,54398,0.04395382183168499
2022-03-01,4-Wheelers,BMW India,7,3720,0.001881720430107527
2022-03-01,4-Wheelers,BYD India,14,3720,0.003763440860215054
2022-03-01,4-Wheelers,Hyundai Motor,14,3720,0.003763440860215054
2022-03-01,4-Wheelers,KIA Motors,0,3720,0.0
2022-03-01,4-Wheelers,MG Motor,75,3720,0.020161290322580645
2022-03-01,4-Wheelers,Mahindra and Mahindra,701,3720,0.18844086021505377
2022-03-01,4-Wheelers,Mercedes-Benz AG,5,3720,0.0013440860215053765
2022-03-01,4-Wheelers,PCA Automobiles,0,3720,0.0
2022-03-01,4-Wheelers,Tata Motors,2900,3720,0.7795698924731183
2022-03-01,4-Wheelers,Volvo Auto India,4,3720,0.001075268817204301
2022-04-01,2-Wheelers,AMPERE,6864,53275,0.1288409197559831
2022-04-01,2-Wheelers,ATHER,2451,53275,0.04600656968559362
2022-04-01,2-Wheelers,BAJAJ,1223,53275,0.022956358517128107
2022-04-01,2-Wheelers,BEING,874,53275,0.01640544345377757
2022-04-01,2-Wheelers,HERO ELECTRIC,6803,53275,0.12769591740966682
2022-04-01,2-Wheelers,JITENDRA,940,53275,0.017644298451431253
2022-04-01,2-Wheelers,OKAYA EV,0,53275,0.0
2022-04-01,2-Wheelers,OKINAWA,11341,53275,0.2128765837634913
2022-04-01,2-Wheelers,OLA ELECTRIC,13601,53275,0.25529798216799626
2022-04-01,2-Wheelers,OTHERS,4683,53275,0.08790239324260911
2022-04-01,2-Wheelers,PURE EV,1756,53275,0.03296105114969498
2022-04-01,2-Wheelers,REVOLT,1241,53275,0.02329422806194275
2022-04-01,2-Wheelers,TVS,1498,53275,0.028118254340685125
2022-04-01,4-Wheelers,BMW India,12,2249,0.005335704757670075
2022-04-01,4-Wheelers,BYD India,15,2249,0.006669630947087594
2022-04-01,4-Wheelers,Hyundai Motor,17,2249,0.00755891507336594
2022-04-01,4-Wheelers,KIA Motors,0,2249,0.0
2022-04-01,4-Wheelers,MG Motor,177,2249,0.07870164517563362
2022-04-01,4-Wheelers,Mahindra and Mahindra,611,2249,0.27167630057803466
2022-04-01,4-Wheelers,Mercedes-Benz AG,8,2249,0.0035571365051133837
2022-04-01,4-Wheelers,PCA Automobiles,0,2249,0.0
2022-04-01,4-Wheelers,Tata Motors,1409,2249,0.6265006669630947
2022-04-01,4-Wheelers,Volvo Auto India,0,2249,0.0
2022-05-01,2-Wheelers,AMPERE,6176,42414,0.14561229782618948
2022-05-01,2-Wheelers,ATHER,3337,42414,0.07867685198283586
2022-05-01,2-Wheelers,BAJAJ,1812,42414,0.042721742820766725
2022-05-01,2-Wheelers,BEING,862,42414,0.02032347809685481
2022-05-01,2-Wheelers,HERO ELECTRIC,2970,42414,0.07002404866317725
2022-05-01,2-Wheelers,JITENDRA,646,42414,0.015230820012260103
2022-05-01,2-Wheelers,OKAYA EV,19,42414,0.00044796529447823833
2022-05-01,2-Wheelers,OKINAWA,10340,42414,0.2437874286792097
2022-05-01,2-Wheelers,OLA ELECTRIC,9266,42414,0.21846560098080822
2022-05-01,2-Wheelers,OTHERS,3455,42414,0.08145895223275333
2022-05-01,2-Wheelers,PURE EV,1464,42414,0.03451690479558636
2022-05-01,2-Wheelers,REVOLT,1589,42414,0.03746404489083793
2022-05-01,2-Wheelers,TVS,478,42414,0.011269863724241996
2022-05-01,4-Wheelers,BMW India,6,2959,0.002027712064886786
2022-05-01,4-Wheelers,BYD India,30,2959,0.01013856032443393
2022-05-01,4-Wheelers,Hyundai Motor,19,2959,0.006421088205474822
2022-05-01,4-Wheelers,KIA Motors,0,2959,0.0
2022-05-01,4-Wheelers,MG Motor,181,2959,0.061169313957418044
2022-05-01,4-Wheelers,Mahindra and Mahindra,622,2959,0.21020615072659682
2022-05-01,4-Wheelers,Mercedes-Benz AG,4,2959,0.0013518080432578573
2022-05-01,4-Wheelers,PCA Automobiles,0,2959,0.0
2022-05-01,4-Wheelers,Tata Motors,2097,2959,0.7086853666779317
2022-05-01,4-Wheelers,Volvo Auto India,0,2959,0.0
2022-06-01,2-Wheelers,AMPERE,6919,44381,0.1559000473175458
2022-06-01,2-Wheelers,ATHER,3829,44381,0.08627565850251234
2022-06-01,2-Wheelers,BAJAJ,1824,44381,0.04109866834906829
2022-06-01,2-Wheelers,BEING,1005,44381,0.02264482548838467
2022-06-01,2-Wheelers,HERO ELECTRIC,6836,44381,0.15402987765034587
2022-06-01,2-Wheelers,JITENDRA,568,44381,0.012798269529753723
2022-06-01,2-Wheelers,OKAYA EV,760,44381,0.017124445145445123
2022-06-01,2-Wheelers,OKINAWA,7554,44381,0.1702079718798585
2022-06-01,2-Wheelers,OLA ELECTRIC,5897,44381,0.13287217502985513
2022-06-01,2-Wheelers,OTHERS,3658,44381,0.08242265834478718
2022-06-01,2-Wheelers,PURE EV,1125,44381,0.025348685248191793
2022-06-01,2-Wheelers,REVOLT,2423,44381,0.054595434983438856
2022-06-01,2-Wheelers,TVS,1983,44381,0.04468128253081274
2022-06-01,4-Wheelers,BMW India,4,3210,0.0012461059190031153
2022-06-01,4-Wheelers,BYD India,36,3210,0.011214953271028037
2022-06-01,4-Wheelers,Hyundai Motor,39,3210,0.012149532710280374
2022-06-01,4-Wheelers,KIA Motors,0,3210,0.0
2022-06-01,4-Wheelers,MG Motor,173,3210,0.05389408099688474
2022-06-01,4-Wheelers,Mahindra and Mahindra,787,3210,0.24517133956386292
2022-06-01,4-Wheelers,Mercedes-Benz AG,2,3210,0.0006230529595015577
2022-06-01,4-Wheelers,PCA Automobiles,0,3210,0.0
2022-06-01,4-Wheelers,Tata Motors,2169,3210,0.6757009345794392
2022-06-01,4-Wheelers,Volvo Auto India,0,3210,0.0
2022-07-01,2-Wheelers,AMPERE,6812,46604,0.14616771092610076
2022-07-01,2-Wheelers,ATHER,1289,46604,0.027658570079821476
2022-07-01,2-Wheelers,BAJAJ,2482,46604,0.05325723113895803
2022-07-01,2-Wheelers,BEING,1245,46604,0.026714445112007552
2022-07-01,2-Wheelers,HERO ELECTRIC,9334,46604,0.20028323749034418
2022-07-01,2-Wheelers,JITENDRA,880,46604,0.01888249935627843
2022-07-01,2-Wheelers,OKAYA EV,1076,46604,0.02308814694017681
2022-07-01,2-Wheelers,OKINAWA,8394,46604,0.18011329499613768
2022-07-01,2-Wheelers,OLA ELECTRIC,3864,46604,0.08291133808256802
2022-07-01,2-Wheelers,OTHERS,3562,46604,0.07643120762166337
2022-07-01,2-Wheelers,PURE EV,1000,46604,0.02145738563213458
2022-07-01,2-Wheelers,REVOLT,2318,46604,0.049738219895287955
2022-07-01,2-Wheelers,TVS,4348,46604,0.09329671272852115
2022-07-01,4-Wheelers,BMW India,4,3406,0.0011743981209630064
2022-07-01,4-Wheelers,BYD India,32,3406,0.009395184967704051
2022-07-01,4-Wheelers,Hyundai Motor,45,3406,0.013211978860833822
2022-07-01,4-Wheelers,KIA Motors,0,3406,0.0
2022-07-01,4-Wheelers,MG Motor,194,3406,0.05695830886670581
2022-07-01,4-Wheelers,Mahindra and Mahindra,866,3406,0.2542571931884909
2022-07-01,4-Wheelers,Mercedes-Benz AG,1,3406,0.0002935995302407516
2022-07-01,4-Wheelers,PCA Automobiles,0,3406,0.0
2022-07-01,4-Wheelers,Tata Motors,2264,3406,0.6647093364650617
2022-07-01,4-Wheelers,Volvo Auto India,0,3406,0.0
2022-08-01,2-Wheelers,AMPERE,6771,52226,0.12964806801210124
2022-08-01,2-Wheelers,ATHER,5376,52226,0.10293723432772948
2022-08-01,2-Wheelers,BAJAJ,2620,52226,0.05016658369394555
2022-08-01,2-Wheelers,BEING,1099,52226,0.021043158580017617
2022-08-01,2-Wheelers,HERO ELECTRIC,9925,52226,0.19003944395511815
2022-08-01,2-Wheelers,JITENDRA,653,52226,0.01250335082142994
2022-08-01,2-Wheelers,OKAYA EV,905,52226,0.017328533680542258
2022-08-01,2-Wheelers,OKINAWA,8756,52226,0.16765595680312487
2022-08-01,2-Wheelers,OLA ELECTRIC,3475,52226,0.06653773982307663
2022-08-01,2-Wheelers,OTHERS,3678,52226,0.070424692681806
2022-08-01,2-Wheelers,PURE EV,880,52226,0.01684984490483667
2022-08-01,2-Wheelers,REVOLT,1662,52226,0.03182322980890744
2022-08-01,2-Wheelers,TVS,6426,52226,0.12304216290736415
2022-08-01,4-Wheelers,BMW India,19,3358,0.005658129839189994
2022-08-01,4-Wheelers,BYD India,33,3358,0.009827278141751042
2022-08-01,4-Wheelers,Hyundai Motor,53,3358,0.015783204288266826
2022-08-01,4-Wheelers,KIA Motors,0,3358,0.0
2022-08-01,4-Wheelers,MG Motor,234,3358,0.06968433591423466
2022-08-01,4-Wheelers,Mahindra and Mahindra,1085,3358,0.32310899344848126
2022-08-01,4-Wheelers,Mercedes-Benz AG,3,3358,0.0008933889219773674
2022-08-01,4-Wheelers,PCA Automobiles,0,3358,0.0
2022-08-01,4-Wheelers,Tata Motors,1931,3358,0.5750446694460989
2022-08-01,4-Wheelers,Volvo Auto India,0,3358,0.0
2022-09-01,2-Wheelers,AMPERE,6488,53282,0.12176720093089599
2022-09-01,2-Wheelers,ATHER,6280,53282,0.11786344356443076
2022-09-01,2-Wheelers,BAJAJ,3649,53282,0.06848466649149806
2022-09-01,2-Wheelers,BEING,975,53282,0.018298862655305732
2022-09-01,2-Wheelers,HERO ELECTRIC,8208,53282,0.15404827146128147
2022-09-01,2-Wheelers,JITENDRA,661,53282,0.012405690477084194
2022-09-01,2-Wheelers,OKAYA EV,954,53282,0.01790473330580684
2022-09-01,2-Wheelers,OKINAWA,8497,53282,0.1594722420329567
2022-09-01,2-Wheelers,OLA ELECTRIC,8065,53282,0.15136443827183665
2022-09-01,2-Wheelers,OTHERS,3849,53282,0.07223827934386848
2022-09-01,2-Wheelers,PURE EV,790,53282,0.014826770766863106
2022-09-01,2-Wheelers,REVOLT,865,53282,0.01623437558650201
2022-09-01,2-Wheelers,TVS,4001,53282,0.07509102511166998
2022-09-01,4-Wheelers,BMW India,21,3546,0.005922165820642978
2022-09-01,4-Wheelers,BYD India,48,3546,0.01353637901861252
2022-09-01,4-Wheelers,Hyundai Motor,57,3546,0.016074450084602367
2022-09-01,4-Wheelers,KIA Motors,0,3546,0.0
2022-09-01,4-Wheelers,MG Motor,207,3546,0.0583756345177665
2022-09-01,4-Wheelers,Mahindra and Mahindra,1213,3546,0.3420755781161873
2022-09-01,4-Wheelers,Mercedes-Benz AG,3,3546,0.0008460236886632825
2022-09-01,4-Wheelers,PCA Automobiles,0,3546,0.0
2022-09-01,4-Wheelers,Tata Motors,1997,3546,0.5631697687535251
2022-09-01,4-Wheelers,Volvo Auto India,0,3546,0.0
2022-10-01,2-Wheelers,AMPERE,10113,77250,0.1309126213592233
2022-10-01,2-Wheelers,ATHER,7356,77250,0.09522330097087378
2022-10-01,2-Wheelers,BAJAJ,3549,77250,0.045941747572815536
2022-10-01,2-Wheelers,BEING,1422,77250,0.01840776699029126
2022-10-01,2-Wheelers,HERO ELECTRIC,8868,77250,0.11479611650485437
2022-10-01,2-Wheelers,JITENDRA,1111,77250,0.014381877022653722
2022-10-01,2-Wheelers,OKAYA EV,1968,77250,0.025475728155339807
2022-10-01,2-Wheelers,OKINAWA,14950,77250,0.1935275080906149
2022-10-01,2-Wheelers,OLA ELECTRIC,15391,77250,0.19923624595469255
2022-10-01,2-Wheelers,OTHERS,4614,77250,0.05972815533980583
2022-10-01,2-Wheelers,PURE EV,1047,77250,0.013553398058252427
2022-10-01,2-Wheelers,REVOLT,1041,77250,0.013475728155339806
2022-10-01,2-Wheelers,TVS,5820,77250,0.07533980582524272
2022-10-01,4-Wheelers,BMW India,4,3912,0.0010224948875255625
2022-10-01,4-Wheelers,BYD India,27,3912,0.006901840490797546
2022-10-01,4-Wheelers,Hyundai Motor,64,3912,0.016359918200409
2022-10-01,4-Wheelers,KIA Motors,29,3912,0.007413087934560327
2022-10-01,4-Wheelers,MG Motor,338,3912,0.08640081799591003
2022-10-01,4-Wheelers,Mahindra and Mahindra,1051,3912,0.2686605316973415
2022-10-01,4-Wheelers,Mercedes-Benz AG,4,3912,0.0010224948875255625
2022-10-01,4-Wheelers,PCA Automobiles,0,3912,0.0
2022-10-01,4-Wheelers,Tata Motors,2395,3912,0.6122188139059305
2022-10-01,4-Wheelers,Volvo Auto India,0,3912,0.0
2022-11-01,2-Wheelers,AMPERE,12446,76775,0.16211006186909802
2022-11-01,2-Wheelers,ATHER,7837,76775,0.10207749918593292
2022-11-01,2-Wheelers,BAJAJ,3057,76775,0.03981764897427548
2022-11-01,2-Wheelers,BEING,1216,76775,0.01583848909150114
2022-11-01,2-Wheelers,HERO ELECTRIC,9026,76775,0.11756431129925106
2022-11-01,2-Wheelers,JITENDRA,1256,76775,0.016359492022142624
2022-11-01,2-Wheelers,OKAYA EV,1783,76775,0.023223705633344187
2022-11-01,2-Wheelers,OKINAWA,9068,76775,0.11811136437642462
2022-11-01,2-Wheelers,OLA ELECTRIC,15797,76775,0.20575708238358842
2022-11-01,2-Wheelers,OTHERS,5693,76775,0.07415174210354933
2022-11-01,2-Wheelers,PURE EV,925,76775,0.012048192771084338
2022-11-01,2-Wheelers,REVOLT,524,76775,0.006825138391403452
2022-11-01,2-Wheelers,TVS,8147,76775,0.10611527189840443
2022-11-01,4-Wheelers,BMW India,14,3977,0.00352024138798089
2022-11-01,4-Wheelers,BYD India,39,3977,0.009806386723661051
2022-11-01,4-Wheelers,Hyundai Motor,59,3977,0.014835302992205179
2022-11-01,4-Wheelers,KIA Motors,61,3977,0.015338194619059593
2022-11-01,4-Wheelers,MG Motor,464,3977,0.11667085743022379
2022-11-01,4-Wheelers,Mahindra and Mahindra,1067,3977,0.2682926829268293
2022-11-01,4-Wheelers,Mercedes-Benz AG,4,3977,0.0010057832537088258
2022-11-01,4-Wheelers,PCA Automobiles,0,3977,0.0
2022-11-01,4-Wheelers,Tata Motors,2264,3977,0.5692733215991954
2022-11-01,4-Wheelers,Volvo Auto India,5,3977,0.001257229067136032
2022-12-01,2-Wheelers,AMPERE,4592,64641,0.07103850497362355
2022-12-01,2-Wheelers,ATHER,7693,64641,0.11901115391160409
2022-12-01,2-Wheelers,BAJAJ,3240,64641,0.05012298695874136
2022-12-01,2-Wheelers,BEING,966,64641,0.014944075741402515
2022-12-01,2-Wheelers,HERO ELECTRIC,8100,64641,0.1253074673968534
2022-12-01,2-Wheelers,JITENDRA,668,64641,0.010333998545814576
2022-12-01,2-Wheelers,OKAYA EV,1445,64641,0.02235423338129051
2022-12-01,2-Wheelers,OKINAWA,5281,64641,0.08169737473120775
2022-12-01,2-Wheelers,OLA ELECTRIC,16919,64641,0.2617379062823904
2022-12-01,2-Wheelers,OTHERS,5557,64641,0.08596711065732275
2022-12-01,2-Wheelers,PURE EV,780,64641,0.012066645008585883
2022-12-01,2-Wheelers,REVOLT,37,64641,0.0005723921350226636
2022-12-01,2-Wheelers,TVS,9363,64641,0.14484615027614053
2022-12-01,4-Wheelers,BMW India,27,3834,0.007042253521126761
2022-12-01,4-Wheelers,BYD India,37,3834,0.009650495565988524
2022-12-01,4-Wheelers,Hyundai Motor,68,3834,0.01773604590505999
2022-12-01,4-Wheelers,KIA Motors,65,3834,0.01695357329160146
2022-12-01,4-Wheelers,MG Motor,363,3834,0.09467918622848201
2022-12-01,4-Wheelers,Mahindra and Mahindra,1260,3834,0.3286384976525822
2022-12-01,4-Wheelers,Mercedes-Benz AG,6,3834,0.001564945226917058
2022-12-01,4-Wheelers,PCA Automobiles,0,3834,0.0
2022-12-01,4-Wheelers,Tata Motors,1992,3834,0.5195618153364632
2022-12-01,4-Wheelers,Volvo Auto India,16,3834,0.004173187271778821
2023-01-01,2-Wheelers,AMPERE,4456,64678,0.06889514208849995
2023-01-01,2-Wheelers,ATHER,9224,64678,0.14261418101982126
2023-01-01,2-Wheelers,BAJAJ,2252,64678,0.034818640032159315
2023-01-01,2-Wheelers,BEING,571,64678,0.008828349670676272
2023-01-01,2-Wheelers,HERO ELECTRIC,6399,64678,0.09893626890132658
2023-01-01,2-Wheelers,JITENDRA,522,64678,0.008070750487028046
2023-01-01,2-Wheelers,OKAYA EV,1265,64678,0.01955842790438789
2023-01-01,2-Wheelers,OKINAWA,4407,64678,0.06813754290485173
2023-01-01,2-Wheelers,OLA ELECTRIC,20148,64678,0.3115124153498871
2023-01-01,2-Wheelers,OTHERS,4241,64678,0.06557098240514549
2023-01-01,2-Wheelers,PURE EV,717,64678,0.011085686013791398
2023-01-01,2-Wheelers,REVOLT,14,64678,0.00021645690961377904
2023-01-01,2-Wheelers,TVS,10462,64678,0.16175515631281115
2023-01-01,4-Wheelers,BMW India,91,3438,0.02646887725421757
2023-01-01,4-Wheelers,BYD India,101,3438,0.029377545084351368
2023-01-01,4-Wheelers,Hyundai Motor,84,3438,0.02443280977312391
2023-01-01,4-Wheelers,KIA Motors,35,3438,0.010180337405468295
2023-01-01,4-Wheelers,MG Motor,313,3438,0.0910413030831879
2023-01-01,4-Wheelers,Mahindra and Mahindra,967,3438,0.2812681791739383
2023-01-01,4-Wheelers,Mercedes-Benz AG,14,3438,0.004072134962187318
2023-01-01,4-Wheelers,PCA Automobiles,0,3438,0.0
2023-01-01,4-Wheelers,Tata Motors,1812,3438,0.5270506108202443
2023-01-01,4-Wheelers,Volvo Auto India,21,3438,0.006108202443280977
2023-02-01,2-Wheelers,AMPERE,6003,66071,0.09085680555765767
2023-02-01,2-Wheelers,ATHER,10069,66071,0.15239666419457856
2023-02-01,2-Wheelers,BAJAJ,2537,66071,0.038398086906509664
2023-02-01,2-Wheelers,BEING,337,66071,0.005100573625342435
2023-02-01,2-Wheelers,HERO ELECTRIC,5863,66071,0.08873787289431066
2023-02-01,2-Wheelers,JITENDRA,308,66071,0.004661651859363412
2023-02-01,2-Wheelers,OKAYA EV,1232,66071,0.01864660743745365
2023-02-01,2-Wheelers,OKINAWA,3848,66071,0.05824037777542341
2023-02-01,2-Wheelers,OLA ELECTRIC,17762,66071,0.2688320140454965
2023-02-01,2-Wheelers,OTHERS,4874,66071,0.07376912715109503
2023-02-01,2-Wheelers,PURE EV,488,66071,0.007385993855095276
2023-02-01,2-Wheelers,REVOLT,79,66071,0.0011956834314600959
2023-02-01,2-Wheelers,TVS,12671,66071,0.19177854126621363
2023-02-01,4-Wheelers,BMW India,43,4756,0.00904121110176619
2023-02-01,4-Wheelers,BYD India,174,4756,0.036585365853658534
2023-02-01,4-Wheelers,Hyundai Motor,36,4756,0.007569386038687973
2023-02-01,4-Wheelers,KIA Motors,22,4756,0.004625735912531539
2023-02-01,4-Wheelers,MG Motor,261,4756,0.054878048780487805
2023-02-01,4-Wheelers,Mahindra and Mahindra,1531,4756,0.3219091673675357
2023-02-01,4-Wheelers,Mercedes-Benz AG,12,4756,0.002523128679562658
2023-02-01,4-Wheelers,PCA Automobiles,0,4756,0.0
2023-02-01,4-Wheelers,Tata Motors,2651,4756,0.5574011774600505
2023-02-01,4-Wheelers,Volvo Auto India,26,4756,0.0054667788057190915
2023-03-01,2-Wheelers,AMPERE,9736,86306,0.1128079160197437
2023-03-01,2-Wheelers,ATHER,12180,86306,0.14112576182420689
2023-03-01,2-Wheelers,BAJAJ,4552,86306,0.05274256714481033
2023-03-01,2-Wheelers,BEING,446,86306,0.00516765925891595
2023-03-01,2-Wheelers,HERO ELECTRIC,6661,86306,0.07717887516511018
2023-03-01,2-Wheelers,JITENDRA,350,86306,0.004055337983454221
2023-03-01,2-Wheelers,OKAYA EV,1765,86306,0.020450490116562
2023-03-01,2-Wheelers,OKINAWA,4509,86306,0.052244339906843094
2023-03-01,2-Wheelers,OLA ELECTRIC,22398,86306,0.2595184575811647
2023-03-01,2-Wheelers,OTHERS,5089,86306,0.05896461427942437
2023-03-01,2-Wheelers,PURE EV,584,86306,0.006766621092392186
2023-03-01,2-Wheelers,REVOLT,1140,86306,0.013208815146108034
2023-03-01,2-Wheelers,TVS,16896,86306,0.19576854448126435
2023-03-01,4-Wheelers,BMW India,40,8820,0.0045351473922902496
2023-03-01,4-Wheelers,BYD India,348,8820,0.03945578231292517
2023-03-01,4-Wheelers,Hyundai Motor,35,8820,0.003968253968253968
2023-03-01,4-Wheelers,KIA Motors,17,8820,0.001927437641723356
2023-03-01,4-Wheelers,MG Motor,372,8820,0.04217687074829932
2023-03-01,4-Wheelers,Mahindra and Mahindra,2745,8820,0.3112244897959184
2023-03-01,4-Wheelers,Mercedes-Benz AG,10,8820,0.0011337868480725624
2023-03-01,4-Wheelers,PCA Automobiles,151,8820,0.01712018140589569
2023-03-01,4-Wheelers,Tata Motors,5065,8820,0.5742630385487528
2023-03-01,4-Wheelers,Volvo Auto India,37,8820,0.004195011337868481
2023-04-01,2-Wheelers,AMPERE,8767,66814,0.13121501481725387
2023-04-01,2-Wheelers,ATHER,7707,66814,0.11535007633130781
2023-04-01,2-Wheelers,BAJAJ,4043,66814,0.06051127009309426
2023-04-01,2-Wheelers,BATTRE ELECTRIC,644,66814,0.009638698476367228
2023-04-01,2-Wheelers,BGAUSS,762,66814,0.011404795402161223
2023-04-01,2-Wheelers,HERO ELECTRIC,3293,66814,0.04928607776813243
2023-04-01,2-Wheelers,KINETIC GREEN,838,66814,0.012542281557757357
2023-04-01,2-Wheelers,OKAYA EV,1544,66814,0.02310892926632143
2023-04-01,2-Wheelers,OKINAWA,3179,66814,0.04757984853473823
2023-04-01,2-Wheelers,OLA ELECTRIC,22548,66814,0.33747418205765256
2023-04-01,2-Wheelers,OTHERS,4315,66814,0.06458227317628042
2023-04-01,2-Wheelers,REVOLT,520,66814,0.007782800011973539
2023-04-01,2-Wheelers,TVS,8654,66814,0.12952375250695963
2023-04-01,4-Wheelers,BMW India,51,6004,0.00849433710859427
2023-04-01,4-Wheelers,BYD India,156,6004,0.02598267821452365
2023-04-01,4-Wheelers,Hyundai Motor,42,6004,0.0069953364423717525
2023-04-01,4-Wheelers,KIA Motors,30,6004,0.004996668887408394
2023-04-01,4-Wheelers,MG Motor,265,6004,0.04413724183877415
2023-04-01,4-Wheelers,Mahindra and Mahindra,4880,6004,0.8127914723517655
2023-04-01,4-Wheelers,Mercedes-Benz AG,8,6004,0.0013324450366422385
2023-04-01,4-Wheelers,PCA Automobiles,181,6004,0.030146568954030645
2023-04-01,4-Wheelers,Tata Motors,364,6004,0.060626249167221855
2023-04-01,4-Wheelers,Volvo Auto India,27,6004,0.004497001998667555
2023-05-01,2-Wheelers,AMPERE,10659,105357,0.10117030667160226
2023-05-01,2-Wheelers,ATHER,15243,105357,0.14467951820951622
2023-05-01,2-Wheelers,BAJAJ,9976,105357,0.09468758601706578
2023-05-01,2-Wheelers,BATTRE ELECTRIC,1185,105357,0.011247472877929326
2023-05-01,2-Wheelers,BGAUSS,1792,105357,0.01700883662215135
2023-05-01,2-Wheelers,HERO ELECTRIC,2085,105357,0.019789857342179445
2023-05-01,2-Wheelers,KINETIC GREEN,886,105357,0.008409502928139563
2023-05-01,2-Wheelers,OKAYA EV,3831,105357,0.036362083202824684
2023-05-01,2-Wheelers,OKINAWA,2873,105357,0.02726918951754511
2023-05-01,2-Wheelers,OLA ELECTRIC,29447,105357,0.27949732813197037
2023-05-01,2-Wheelers,OTHERS,6627,105357,0.06290042427176172
2023-05-01,2-Wheelers,REVOLT,565,105357,0.005362719135890354
2023-05-01,2-Wheelers,TVS,20188,105357,0.19161517507142384
2023-05-01,4-Wheelers,BMW India,57,7640,0.007460732984293194
2023-05-01,4-Wheelers,BYD India,110,7640,0.014397905759162303
2023-05-01,4-Wheelers,Hyundai Motor,129,7640,0.016884816753926703
2023-05-01,4-Wheelers,KIA Motors,36,7640,0.004712041884816754
2023-05-01,4-Wheelers,MG Motor,351,7640,0.04594240837696335
2023-05-01,4-Wheelers,Mahindra and Mahindra,3457,7640,0.4524869109947644
2023-05-01,4-Wheelers,Mercedes-Benz AG,9,7640,0.0011780104712041885
2023-05-01,4-Wheelers,PCA Automobiles,245,7640,0.03206806282722513
2023-05-01,4-Wheelers,Tata Motors,3212,7640,0.42041884816753927
2023-05-01,4-Wheelers,Volvo Auto India,34,7640,0.004450261780104712
2023-06-01,2-Wheelers,AMPERE,3006,45841,0.06557448572238825
2023-06-01,2-Wheelers,ATHER,4547,45841,0.09919068083157
2023-06-01,2-Wheelers,BAJAJ,2975,45841,0.0648982352042931
2023-06-01,2-Wheelers,BATTRE ELECTRIC,82,45841,0.001788791693025894
2023-06-01,2-Wheelers,BGAUSS,189,45841,0.0041229467070962676
2023-06-01,2-Wheelers,HERO ELECTRIC,1123,45841,0.024497720381318033
2023-06-01,2-Wheelers,KINETIC GREEN,201,45841,0.004384721101197618
2023-06-01,2-Wheelers,OKAYA EV,419,45841,0.009140289260705483
2023-06-01,2-Wheelers,OKINAWA,2588,45841,0.056456010994524554
2023-06-01,2-Wheelers,OLA ELECTRIC,17768,45841,0.3876006195327327
2023-06-01,2-Wheelers,OTHERS,4466,45841,0.09742370367138588
2023-06-01,2-Wheelers,REVOLT,705,45841,0.015379245653454332
2023-06-01,2-Wheelers,TVS,7772,45841,0.16954254924630788
2023-06-01,4-Wheelers,BMW India,76,7790,0.00975609756097561
2023-06-01,4-Wheelers,BYD India,140,7790,0.01797175866495507
2023-06-01,4-Wheelers,Hyundai Motor,121,7790,0.015532734274711168
2023-06-01,4-Wheelers,KIA Motors,30,7790,0.0038510911424903724
2023-06-01,4-Wheelers,MG Motor,877,7790,0.11258023106546855
2023-06-01,4-Wheelers,Mahindra and Mahindra,2574,7790,0.33042362002567394
2023-06-01,4-Wheelers,Mercedes-Benz AG,14,7790,0.001797175866495507
2023-06-01,4-Wheelers,PCA Automobiles,254,7790,0.03260590500641849
2023-06-01,4-Wheelers,Tata Motors,3671,7790,0.4712451861360719
2023-06-01,4-Wheelers,Volvo Auto India,33,7790,0.004236200256739409
2023-07-01,2-Wheelers,AMPERE,3530,54192,0.06513876586950103
2023-07-01,2-Wheelers,ATHER,6604,54192,0.12186300560968409
2023-07-01,2-Wheelers,BAJAJ,4081,54192,0.07530631827576026
2023-07-01,2-Wheelers,BATTRE ELECTRIC,133,54192,0.002454236787717744
2023-07-01,2-Wheelers,BGAUSS,653,54192,0.012049749040448775
2023-07-01,2-Wheelers,HERO ELECTRIC,770,54192,0.014208739297313257
2023-07-01,2-Wheelers,KINETIC GREEN,229,54192,0.004225715972837319
2023-07-01,2-Wheelers,OKAYA EV,775,54192,0.014301003838204901
2023-07-01,2-Wheelers,OKINAWA,2238,54192,0.04129760850310009
2023-07-01,2-Wheelers,OLA ELECTRIC,19409,54192,0.35815249483318573
2023-07-01,2-Wheelers,OTHERS,5020,54192,0.0926335990552111
2023-07-01,2-Wheelers,REVOLT,478,54192,0.008820490109241217
2023-07-01,2-Wheelers,TVS,10272,54192,0.18954827280779452
2023-07-01,4-Wheelers,BMW India,81,7430,0.010901749663526245
2023-07-01,4-Wheelers,BYD India,89,7430,0.011978465679676985
2023-07-01,4-Wheelers,Hyundai Motor,88,7430,0.011843876177658143
2023-07-01,4-Wheelers,KIA Motors,22,7430,0.0029609690444145358
2023-07-01,4-Wheelers,MG Motor,935,7430,0.12584118438761777
2023-07-01,4-Wheelers,Mahindra and Mahindra,2174,7430,0.29259757738896364
2023-07-01,4-Wheelers,Mercedes-Benz AG,23,7430,0.003095558546433378
2023-07-01,4-Wheelers,PCA Automobiles,169,7430,0.022745625841184388
2023-07-01,4-Wheelers,Tata Motors,3823,7430,0.514535666218035
2023-07-01,4-Wheelers,Volvo Auto India,26,7430,0.0034993270524899056
2023-08-01,2-Wheelers,AMPERE,3654,62471,0.05849113988890845
2023-08-01,2-Wheelers,ATHER,7065,62471,0.11309247490835747
2023-08-01,2-Wheelers,BAJAJ,6508,62471,0.10417633782074882
2023-08-01,2-Wheelers,BATTRE ELECTRIC,287,62471,0.004594131677098174
2023-08-01,2-Wheelers,BGAUSS,912,62471,0.01459877383105761
2023-08-01,2-Wheelers,HERO ELECTRIC,774,62471,0.012389748843463368
2023-08-01,2-Wheelers,KINETIC GREEN,380,62471,0.006082822429607337
2023-08-01,2-Wheelers,OKAYA EV,1137,62471,0.018200445006483008
2023-08-01,2-Wheelers,OKINAWA,1977,62471,0.031646684061404494
2023-08-01,2-Wheelers,OLA ELECTRIC,18983,62471,0.3038689952137792
2023-08-01,2-Wheelers,OTHERS,4990,62471,0.07987706295721214
2023-08-01,2-Wheelers,REVOLT,508,62471,0.008131773142738231
2023-08-01,2-Wheelers,TVS,15296,62471,0.24484961021914167
2023-08-01,4-Wheelers,BMW India,64,6753,0.009477269361765142
2023-08-01,4-Wheelers,BYD India,80,6753,0.011846586702206426
2023-08-01,4-Wheelers,Hyundai Motor,141,6753,0.02087960906263883
2023-08-01,4-Wheelers,KIA Motors,21,6753,0.003109729009329187
2023-08-01,4-Wheelers,MG Motor,913,6753,0.13519917073893084
2023-08-01,4-Wheelers,Mahindra and Mahindra,2013,6753,0.29808973789426924
2023-08-01,4-Wheelers,Mercedes-Benz AG,8,6753,0.0011846586702206428
2023-08-01,4-Wheelers,PCA Automobiles,89,6753,0.01317932770620465
2023-08-01,4-Wheelers,Tata Motors,3388,6753,0.5017029468384422
2023-08-01,4-Wheelers,Volvo Auto India,36,6753,0.0053309640159928924
2023-09-01,2-Wheelers,AMPERE,4148,63746,0.06507074953722587
2023-09-01,2-Wheelers,ATHER,7107,63746,0.1114893483512691
2023-09-01,2-Wheelers,BAJAJ,7019,63746,0.11010886957613027
2023-09-01,2-Wheelers,BATTRE ELECTRIC,255,63746,0.004000250996140934
2023-09-01,2-Wheelers,BGAUSS,924,63746,0.014495027138957738
2023-09-01,2-Wheelers,HERO ELECTRIC,835,63746,0.01309886110501051
2023-09-01,2-Wheelers,KINETIC GREEN,231,63746,0.0036237567847394346
2023-09-01,2-Wheelers,OKAYA EV,873,63746,0.013694976939729552
2023-09-01,2-Wheelers,OKINAWA,1769,63746,0.027750760832052208
2023-09-01,2-Wheelers,OLA ELECTRIC,18926,63746,0.2968970602076993
2023-09-01,2-Wheelers,OTHERS,5355,63746,0.08400527091895962
2023-09-01,2-Wheelers,REVOLT,879,63746,0.013789100492579927
2023-09-01,2-Wheelers,TVS,15425,63746,0.24197596711950553
2023-09-01,4-Wheelers,BMW India,58,6047,0.009591532991566065
2023-09-01,4-Wheelers,BYD India,141,6047,0.023317347445014056
2023-09-01,4-Wheelers,Hyundai Motor,161,6047,0.026624772614519596
2023-09-01,4-Wheelers,KIA Motors,26,6047,0.004299652720357202
2023-09-01,4-Wheelers,MG Motor,676,6047,0.11179097072928725
2023-09-01,4-Wheelers,Mahindra and Mahindra,1668,6047,0.27583925913676205
2023-09-01,4-Wheelers,Mercedes-Benz AG,41,6047,0.006780221597486357
2023-09-01,4-Wheelers,PCA Automobiles,108,6047,0.017860095915329915
2023-09-01,4-Wheelers,Tata Motors,3126,6047,0.5169505539937159
2023-09-01,4-Wheelers,Volvo Auto India,42,6047,0.006945592855961634
2023-10-01,2-Wheelers,AMPERE,4487,74623,0.06012891467778031
2023-10-01,2-Wheelers,ATHER,8375,74623,0.11223081355614221
2023-10-01,2-Wheelers,BAJAJ,8960,74623,0.12007021963737721
2023-10-01,2-Wheelers,BATTRE ELECTRIC,227,74623,0.0030419575734023023
2023-10-01,2-Wheelers,BGAUSS,1157,74623,0.015504603138442572
2023-10-01,2-Wheelers,HERO ELECTRIC,658,74623,0.00881765675461989
2023-10-01,2-Wheelers,KINETIC GREEN,389,74623,0.0052128700266673815
2023-10-01,2-Wheelers,OKAYA EV,863,74623,0.011564799056591132
2023-10-01,2-Wheelers,OKINAWA,1457,74623,0.019524811385229754
2023-10-01,2-Wheelers,OLA ELECTRIC,23968,74623,0.32118783752998403
2023-10-01,2-Wheelers,OTHERS,7092,74623,0.09503772295404903
2023-10-01,2-Wheelers,REVOLT,681,74623,0.009125872720206906
2023-10-01,2-Wheelers,TVS,16309,74623,0.21855192098950726
2023-10-01,4-Wheelers,BMW India,71,7210,0.00984743411927878
2023-10-01,4-Wheelers,BYD India,109,7210,0.015117891816920944
2023-10-01,4-Wheelers,Hyundai Motor,148,7210,0.020527045769764215
2023-10-01,4-Wheelers,KIA Motors,39,7210,0.005409153952843273
2023-10-01,4-Wheelers,MG Motor,714,7210,0.09902912621359224
2023-10-01,4-Wheelers,Mahindra and Mahindra,2027,7210,0.2811373092926491
2023-10-01,4-Wheelers,Mercedes-Benz AG,18,7210,0.0024965325936199723
2023-10-01,4-Wheelers,PCA Automobiles,132,7210,0.018307905686546465
2023-10-01,4-Wheelers,Tata Motors,3911,7210,0.5424410540915395
2023-10-01,4-Wheelers,Volvo Auto India,41,7210,0.005686546463245492
2023-11-01,2-Wheelers,AMPERE,4638,91243,0.05083129664741405
2023-11-01,2-Wheelers,ATHER,9220,91243,0.10104884758282827
2023-11-01,2-Wheelers,BAJAJ,11769,91243,0.12898523722367744
2023-11-01,2-Wheelers,BATTRE ELECTRIC,659,91243,0.007222471860855079
2023-11-01,2-Wheelers,BGAUSS,1589,91243,0.017415034577995023
2023-11-01,2-Wheelers,HERO ELECTRIC,814,91243,0.008921232313711737
2023-11-01,2-Wheelers,KINETIC GREEN,422,91243,0.004625012329712964
2023-11-01,2-Wheelers,OKAYA EV,1281,91243,0.014039433161995988
2023-11-01,2-Wheelers,OKINAWA,1587,91243,0.017393115088280744
2023-11-01,2-Wheelers,OLA ELECTRIC,29980,91243,0.32857315081704896
2023-11-01,2-Wheelers,OTHERS,9707,91243,0.10638624332825532
2023-11-01,2-Wheelers,REVOLT,663,91243,0.0072663108402836385
2023-11-01,2-Wheelers,TVS,18914,91243,0.20729261422794076
2023-11-01,4-Wheelers,BMW India,215,7042,0.030531099119568306
2023-11-01,4-Wheelers,BYD India,106,7042,0.015052541891508094
2023-11-01,4-Wheelers,Hyundai Motor,125,7042,0.01775063902300483
2023-11-01,4-Wheelers,KIA Motors,29,7042,0.00411814825333712
2023-11-01,4-Wheelers,MG Motor,723,7042,0.10266969610905993
2023-11-01,4-Wheelers,Mahindra and Mahindra,1222,7042,0.1735302470888952
2023-11-01,4-Wheelers,Mercedes-Benz AG,35,7042,0.004970178926441352
2023-11-01,4-Wheelers,PCA Automobiles,98,7042,0.013916500994035786
2023-11-01,4-Wheelers,Tata Motors,4432,7042,0.6293666571996592
2023-11-01,4-Wheelers,Volvo Auto India,57,7042,0.008094291394490201
2023-12-01,2-Wheelers,AMPERE,3309,75494,0.04383129785148489
2023-12-01,2-Wheelers,ATHER,6471,75494,0.085715421093067
2023-12-01,2-Wheelers,BAJAJ,10292,75494,0.13632871486475748
2023-12-01,2-Wheelers,BATTRE ELECTRIC,241,75494,0.0031923066733780168
2023-12-01,2-Wheelers,BGAUSS,1200,75494,0.015895302937981828
2023-12-01,2-Wheelers,HERO ELECTRIC,545,75494,0.007219116751000079
2023-12-01,2-Wheelers,KINETIC GREEN,660,75494,0.008742416615890005
2023-12-01,2-Wheelers,OKAYA EV,700,75494,0.009272260047156065
2023-12-01,2-Wheelers,OKINAWA,953,75494,0.0126235197499139
2023-12-01,2-Wheelers,OLA ELECTRIC,30588,75494,0.40517127188915675
2023-12-01,2-Wheelers,OTHERS,7691,75494,0.10187564574668186
2023-12-01,2-Wheelers,REVOLT,673,75494,0.008914615731051474
2023-12-01,2-Wheelers,TVS,12171,75494,0.16121811004848066
2023-12-01,4-Wheelers,BMW India,137,7191,0.01905159226811292
2023-12-01,4-Wheelers,BYD India,135,7191,0.01877346683354193
2023-12-01,4-Wheelers,Hyundai Motor,97,7191,0.013489083576693088
2023-12-01,4-Wheelers,KIA Motors,23,7191,0.0031984424975664023
2023-12-01,4-Wheelers,MG Motor,753,7191,0.1047142261159783
2023-12-01,4-Wheelers,Mahindra and Mahindra,1015,7191,0.1411486580447782
2023-12-01,4-Wheelers,Mercedes-Benz AG,51,7191,0.0070921985815602835
2023-12-01,4-Wheelers,PCA Automobiles,40,7191,0.00556250869141983
2023-12-01,4-Wheelers,Tata Motors,4893,7191,0.6804338756779308
2023-12-01,4-Wheelers,Volvo Auto India,47,7191,0.006535947712418301
2024-01-01,2-Wheelers,AMPERE,2505,81343,0.03079552020456585
2024-01-01,2-Wheelers,ATHER,9244,81343,0.11364223104631006
2024-01-01,2-Wheelers,BAJAJ,10753,81343,0.13219330489409045
2024-01-01,2-Wheelers,BATTRE ELECTRIC,284,81343,0.003491388318601478
2024-01-01,2-Wheelers,BGAUSS,1469,81343,0.018059329014174546
2024-01-01,2-Wheelers,HERO ELECTRIC,413,81343,0.005077265406980318
2024-01-01,2-Wheelers,KINETIC GREEN,810,81343,0.009957832880518299
2024-01-01,2-Wheelers,OKAYA EV,574,81343,0.0070565383622438315
2024-01-01,2-Wheelers,OKINAWA,675,81343,0.008298194067098582
2024-01-01,2-Wheelers,OLA ELECTRIC,32275,81343,0.39677661261571373
2024-01-01,2-Wheelers,OTHERS,6664,81343,0.08192468927873327
2024-01-01,2-Wheelers,REVOLT,524,81343,0.00644185732023653
2024-01-01,2-Wheelers,TVS,15153,81343,0.18628523659073307
2024-01-01,4-Wheelers,BMW India,116,7968,0.014558232931726908
2024-01-01,4-Wheelers,BYD India,123,7968,0.015436746987951807
2024-01-01,4-Wheelers,Hyundai Motor,128,7968,0.01606425702811245
2024-01-01,4-Wheelers,KIA Motors,29,7968,0.003639558232931727
2024-01-01,4-Wheelers,MG Motor,908,7968,0.11395582329317269
2024-01-01,4-Wheelers,Mahindra and Mahindra,896,7968,0.11244979919678715
2024-01-01,4-Wheelers,Mercedes-Benz AG,29,7968,0.003639558232931727
2024-01-01,4-Wheelers,PCA Automobiles,23,7968,0.0028865461847389557
2024-01-01,4-Wheelers,Tata Motors,5674,7968,0.7120983935742972
2024-01-01,4-Wheelers,Volvo Auto India,42,7968,0.005271084337349397
2024-02-01,2-Wheelers,AMPERE,2577,81963,0.031441016068225906
2024-02-01,2-Wheelers,ATHER,8957,81963,0.10928101704427608
2024-02-01,2-Wheelers,BAJAJ,11603,81963,0.1415638763832461
2024-02-01,2-Wheelers,BATTRE ELECTRIC,219,81963,0.0026719373375791514
2024-02-01,2-Wheelers,BGAUSS,1334,81963,0.01627563656771958
2024-02-01,2-Wheelers,HERO ELECTRIC,323,81963,0.003940802557251443
2024-02-01,2-Wheelers,KINETIC GREEN,624,81963,0.007613191318033747
2024-02-01,2-Wheelers,OKAYA EV,649,81963,0.007918206995839587
2024-02-01,2-Wheelers,OKINAWA,652,81963,0.007954808877176287
2024-02-01,2-Wheelers,OLA ELECTRIC,33967,81963,0.41441870112123763
2024-02-01,2-Wheelers,OTHERS,6154,81963,0.07508265924868539
2024-02-01,2-Wheelers,REVOLT,473,81963,0.005770896624086478
2024-02-01,2-Wheelers,TVS,14431,81963,0.17606724985664263
2024-02-01,4-Wheelers,BMW India,97,7088,0.01368510158013544
2024-02-01,4-Wheelers,BYD India,135,7088,0.01904627539503386
2024-02-01,4-Wheelers,Hyundai Motor,94,7088,0.013261851015801355
2024-02-01,4-Wheelers,KIA Motors,17,7088,0.0023984198645598193
2024-02-01,4-Wheelers,MG Motor,829,7088,0.11695823927765236
2024-02-01,4-Wheelers,Mahindra and Mahindra,712,7088,0.10045146726862303
2024-02-01,4-Wheelers,Mercedes-Benz AG,24,7088,0.003386004514672686
2024-02-01,4-Wheelers,PCA Automobiles,64,7088,0.009029345372460496
2024-02-01,4-Wheelers,Tata Motors,5081,7088,0.7168453724604966
2024-02-01,4-Wheelers,Volvo Auto India,35,7088,0.004937923250564334
2024-03-01,2-Wheelers,AMPERE,3108,129605,0.02398055630569808
2024-03-01,2-Wheelers,ATHER,17012,129605,0.13126036804135643
2024-03-01,2-Wheelers,BAJAJ,17716,129605,0.13669225724316192
2024-03-01,2-Wheelers,BATTRE ELECTRIC,625,129605,0.0048223448169437905
2024-03-01,2-Wheelers,BGAUSS,3070,129605,0.0236873577408279
2024-03-01,2-Wheelers,HERO ELECTRIC,316,129605,0.002438177539446781
2024-03-01,2-Wheelers,KINETIC GREEN,3915,129605,0.030207167933335905
2024-03-01,2-Wheelers,OKAYA EV,1218,129605,0.009397785579260059
2024-03-01,2-Wheelers,OKINAWA,673,129605,0.005192700898885074
2024-03-01,2-Wheelers,OLA ELECTRIC,44630,129605,0.3443539986883222
2024-03-01,2-Wheelers,OTHERS,10579,129605,0.08162493730951738
2024-03-01,2-Wheelers,REVOLT,585,129605,0.004513714748659388
2024-03-01,2-Wheelers,TVS,26158,129605,0.20182863315458507
2024-03-01,4-Wheelers,BMW India,55,8738,0.006294346532387274
2024-03-01,4-Wheelers,BYD India,142,8738,0.01625085831998169
2024-03-01,4-Wheelers,Hyundai Motor,116,8738,0.013275349050125887
2024-03-01,4-Wheelers,KIA Motors,26,8738,0.002975509269855802
2024-03-01,4-Wheelers,MG Motor,885,8738,0.1012817578393225
2024-03-01,4-Wheelers,Mahindra and Mahindra,708,8738,0.081025406271458
2024-03-01,4-Wheelers,Mercedes-Benz AG,31,8738,0.003547722590981918
2024-03-01,4-Wheelers,PCA Automobiles,130,8738,0.01487754634927901
2024-03-01,4-Wheelers,Tata Motors,6606,8738,0.7560082398718242
2024-03-01,4-Wheelers,Volvo Auto India,39,8738,0.004463263904783703
